{"cameraMode":{"drawMode":0,"name":"Shaded","section":"Shading Mode"},"sceneLighting":true,"audioPlay":false,"sceneViewState":{"showFog":true,"showMaterialUpdate":false,"showSkybox":false,"showFlares":false,"showImageEffects":false,"showParticleSystems":false},"in2DMode":false,"pivot":{"x":-10.663124084472657,"y":14.0546875,"z":34.919921875},"rotation":{"x":-0.6645572185516357,"y":0.0018016109243035317,"z":-0.001596361049450934,"w":-0.7472419738769531},"size":53.418766021728519,"orthographic":true}