{"cameraMode":{"drawMode":0,"name":"Shaded","section":"Shading Mode"},"sceneLighting":true,"audioPlay":false,"sceneViewState":{"showFog":false,"showMaterialUpdate":false,"showSkybox":true,"showFlares":false,"showImageEffects":false,"showParticleSystems":false},"in2DMode":false,"pivot":{"x":1.015174388885498,"y":-1.9353160858154297,"z":-7.383622646331787},"rotation":{"x":0.9776931405067444,"y":0.01963779143989086,"z":0.10659472644329071,"w":-0.18003800511360169},"size":0.8660253882408142,"orthographic":false}